"GHO","DATASOURCE","PUBLISHSTATE","YEAR","REGION","COUNTRY","RESIDENCEAREATYPE","Display Value","Numeric","Low","High","Comments"
"cci","EQ_DHS","PUBLISHED","2010","AFR","BFA","URB","76.8","76.76813","","",""
"cci","EQ_DHS","PUBLISHED","2007","SEAR","BGD","URB","73.9","73.89884","","",""
"cci","EQ_DHS","PUBLISHED","2000","AFR","GAB","URB","65.4","65.38726","","",""
"cci","EQ_DHS","PUBLISHED","2012","AFR","GAB","RUR","59.8","59.83083","","",""
"cci","EQ_MICS","PUBLISHED","2006","EMR","IRQ","RUR","72.4","72.38081","","",""
"cci","EQ_MICS","PUBLISHED","2011","EMR","IRQ","RUR","68.5","68.47504","","",""
"cci","EQ_DHS","PUBLISHED","2003","AFR","MOZ","RUR","58.0","57.96415","","",""
"cci","EQ_DHS","PUBLISHED","2011","AFR","MOZ","URB","72.3","72.31538","","",""
"cci","EQ_MICS","PUBLISHED","2006","AFR","TGO","URB","57.7","57.70342","","",""
"cci","EQ_MICS","PUBLISHED","2006","EUR","TKM","RUR","80.3","80.29749","","",""
"cci","EQ_DHS","PUBLISHED","2001","AFR","ZMB","URB","75.9","75.87847","","",""
"cci","EQ_DHS","PUBLISHED","2007","AFR","ZMB","URB","78.0","77.95686","","",""
"cci","EQ_DHS","PUBLISHED","2006","EUR","AZE","URB","66.9","66.86618","","",""
"cci","EQ_DHS","PUBLISHED","1998","AMR","BOL","RUR","41.9","41.91343","","",""
"cci","EQ_DHS","PUBLISHED","1998","AMR","BOL","URB","66.2","66.18410","","",""
"cci","EQ_DHS","PUBLISHED","1999","AFR","GIN","URB","60.0","59.98191","","",""
"cci","EQ_DHS","PUBLISHED","2005","AFR","GIN","URB","60.9","60.90932","","",""
"cci","EQ_MICS","PUBLISHED","2006","EUR","KAZ","RUR","No data","","","","Not calculated."
"cci","EQ_DHS","PUBLISHED","1998","AFR","KEN","RUR","63.6","63.58861","","",""
"cci","EQ_DHS","PUBLISHED","1996","SEAR","NPL","RUR","33.5","33.45554","","",""
"cci","EQ_DHS","PUBLISHED","2001","SEAR","NPL","URB","69.1","69.11452","","",""
"cci","EQ_MICS","PUBLISHED","2006","AMR","SUR","RUR","No data","","","","Not calculated."
"cci","EQ_DHS","PUBLISHED","1996","AFR","TCD","RUR","20.0","19.96647","","",""
"cci","EQ_DHS","PUBLISHED","2001","AFR","BEN","URB","63.4","63.41895","","",""
"cci","EQ_MICS","PUBLISHED","2006","SEAR","BGD","RUR","No data","","","","Not calculated."
"cci","EQ_DHS","PUBLISHED","2013","AFR","COD","RUR","55.2","55.15116","","",""
"cci","EQ_DHS","PUBLISHED","2005","AMR","COL","RUR","74.2","74.21289","","",""
"cci","EQ_DHS","PUBLISHED","2011","AMR","HND","URB","85.5","85.45727","","",""
"cci","EQ_MICS","PUBLISHED","2005","AMR","JAM","RUR","No data","","","","Not calculated."
"cci","EQ_DHS","PUBLISHED","2003","AFR","MOZ","URB","75.3","75.29389","","",""
"cci","EQ_MICS","PUBLISHED","2007","AFR","MRT","URB","60.1","60.05455","","",""
"cci","EQ_DHS","PUBLISHED","2000","AFR","RWA","URB","60.8","60.81739","","",""
"cci","EQ_DHS","PUBLISHED","2005","AFR","RWA","URB","62.7","62.71554","","",""
"cci","EQ_DHS","PUBLISHED","2006","AFR","UGA","RUR","56.9","56.88813","","",""
"cci","EQ_DHS","PUBLISHED","2007","EUR","UKR","RUR","No data","","","","Not calculated."
"cci","EQ_DHS","PUBLISHED","1999","SEAR","BGD","URB","65.7","65.69267","","",""
"cci","EQ_DHS","PUBLISHED","2003","AMR","BOL","RUR","59.3","59.27898","","",""
"cci","EQ_DHS","PUBLISHED","2014","AFR","GHA","RUR","65.7","65.65267","","",""
"cci","EQ_DHS","PUBLISHED","1998","AMR","GTM","RUR","48.3","48.31266","","",""
"cci","EQ_DHS","PUBLISHED","2001","AFR","MLI","URB","62.1","62.12207","","",""
"cci","EQ_DHS","PUBLISHED","1997","AFR","MOZ","URB","68.5","68.45417","","",""
"cci","EQ_DHS","PUBLISHED","2008","AMR","PER","RUR","77.1","77.09703","","",""
"cci","EQ_DHS","PUBLISHED","2003","WPR","PHL","URB","80.1","80.14912","","",""
"cci","EQ_DHS","PUBLISHED","2000","AFR","UGA","URB","70.6","70.58571","","",""
"cci","EQ_MICS","PUBLISHED","2012","EUR","UKR","RUR","85.0","85.02293","","",""
"cci","EQ_DHS","PUBLISHED","1993","SEAR","BGD","URB","No data","","","","Not calculated."
"cci","EQ_DHS","PUBLISHED","2007","SEAR","BGD","RUR","64.8","64.82398","","",""
"cci","EQ_MICS","PUBLISHED","2014","AMR","CUB","URB","No data","","","","Not calculated."
"cci","EQ_DHS","PUBLISHED","1995","EMR","EGY","URB","70.9","70.85961","","",""
"cci","EQ_DHS","PUBLISHED","2005","WPR","KHM","RUR","61.6","61.57227","","",""
"cci","EQ_DHS","PUBLISHED","2014","WPR","KHM","URB","84.9","84.87446","","",""
"cci","EQ_DHS","PUBLISHED","1999","AFR","NGA","URB","59.3","59.32802","","",""
"cci","EQ_DHS","PUBLISHED","2013","AFR","NGA","URB","62.6","62.60025","","",""
"cci","EQ_DHS","PUBLISHED","2012","AFR","SEN","URB","72.5","72.54327","","",""
"cci","EQ_MICS","PUBLISHED","2014","EUR","SRB","URB","No data","","","","Not calculated."
"cci","EQ_MICS","PUBLISHED","2010","AMR","SUR","RUR","No data","","","","Not calculated."
"cci","EQ_MICS","PUBLISHED","2012","EUR","UKR","URB","89.0","88.96439","","",""
"cci","EQ_DHS","PUBLISHED","1997","WPR","VNM","RUR","70.8","70.81956","","",""
"cci","EQ_MICS","PUBLISHED","2006","EUR","BIH","RUR","81.2","81.20263","","",""
"cci","EQ_MICS","PUBLISHED","2005","EUR","BLR","RUR","No data","","","","Not calculated."
"cci","EQ_DHS","PUBLISHED","2013","AMR","DOM","RUR","83.7","83.66573","","",""
"cci","EQ_DHS","PUBLISHED","2000","AFR","ETH","URB","54.0","54.03311","","",""
"cci","EQ_DHS","PUBLISHED","2005","AFR","ETH","URB","59.3","59.34875","","",""
"cci","EQ_DHS","PUBLISHED","2012","SEAR","IDN","URB","82.8","82.81995","","",""
"cci","EQ_DHS","PUBLISHED","1998","SEAR","IND","RUR","53.4","53.44970","","",""
"cci","EQ_MICS","PUBLISHED","2005","WPR","MNG","URB","82.6","82.64935","","",""
"cci","EQ_MICS","PUBLISHED","2010","WPR","MNG","RUR","85.6","85.55144","","",""
"cci","EQ_DHS","PUBLISHED","2005","AFR","SEN","RUR","48.7","48.71877","","",""
"cci","EQ_DHS","PUBLISHED","2005","AFR","SEN","URB","65.3","65.26457","","",""
"cci","EQ_DHS","PUBLISHED","2003","EUR","TUR","URB","No data","","","","Not calculated."
"cci","EQ_DHS","PUBLISHED","2010","AFR","TZA","RUR","67.4","67.40740","","",""
"cci","EQ_DHS","PUBLISHED","1996","EUR","UZB","URB","81.3","81.32677","","",""
"cci","EQ_DHS","PUBLISHED","2013","AMR","DOM","URB","81.5","81.53476","","",""
"cci","EQ_DHS","PUBLISHED","2005","EMR","EGY","RUR","73.0","72.99885","","",""
"cci","EQ_DHS","PUBLISHED","2008","AFR","GHA","URB","70.3","70.30270","","",""
"cci","EQ_DHS","PUBLISHED","2013","AFR","GMB","RUR","60.3","60.29077","","",""
"cci","EQ_DHS","PUBLISHED","2012","AFR","MLI","RUR","44.7","44.74697","","",""
"cci","EQ_MICS","PUBLISHED","2005","EUR","MNE","RUR","83.4","83.42848","","",""
"cci","EQ_MICS","PUBLISHED","2006","AFR","MWI","RUR","No data","","","","Not calculated."
"cci","EQ_DHS","PUBLISHED","2000","AFR","NAM","URB","77.5","77.52719","","",""
"cci","EQ_MICS","PUBLISHED","2006","WPR","VNM","URB","No data","","","","Not calculated."
"cci","EQ_DHS","PUBLISHED","1996","AFR","ZMB","RUR","60.9","60.85951","","",""
"cci","EQ_MICS","PUBLISHED","2005","AFR","BDI","URB","No data","","","","Not calculated."
"cci","EQ_DHS","PUBLISHED","2006","AFR","BEN","RUR","53.8","53.78567","","",""
"cci","EQ_MICS","PUBLISHED","2010","AMR","CUB","URB","No data","","","","Not calculated."
"cci","EQ_MICS","PUBLISHED","2005","EUR","GEO","RUR","No data","","","","Not calculated."
"cci","EQ_DHS","PUBLISHED","1998","AMR","GTM","URB","66.3","66.25502","","",""
"cci","EQ_DHS","PUBLISHED","2005","AMR","HTI","RUR","44.9","44.86500","","",""
"cci","EQ_DHS","PUBLISHED","2000","AFR","MWI","RUR","60.5","60.45226","","",""
"cci","EQ_DHS","PUBLISHED","2013","AFR","NAM","RUR","76.5","76.54541","","",""
"cci","EQ_DHS","PUBLISHED","2012","EMR","PAK","URB","73.3","73.32836","","",""
"cci","EQ_DHS","PUBLISHED","2007","AMR","PER","URB","82.9","82.89885","","",""
"cci","EQ_DHS","PUBLISHED","1993","WPR","PHL","RUR","No data","","","","Not calculated."
"cci","EQ_MICS","PUBLISHED","2013","WPR","VNM","RUR","87.1","87.09817","","",""
"cci","EQ_DHS","PUBLISHED","2007","AFR","ZMB","RUR","65.4","65.42353","","",""
"cci","EQ_MICS","PUBLISHED","2005","AFR","BDI","RUR","No data","","","","Not calculated."
"cci","EQ_DHS","PUBLISHED","2011","SEAR","BGD","RUR","65.8","65.81850","","",""
"cci","EQ_MICS","PUBLISHED","2011","AMR","BLZ","RUR","78.2","78.18192","","",""
"cci","EQ_MICS","PUBLISHED","2006","AFR","GHA","RUR","No data","","","","Not calculated."
"cci","EQ_MICS","PUBLISHED","2011","AFR","GHA","RUR","64.8","64.78336","","",""
"cci","EQ_DHS","PUBLISHED","1995","EUR","KAZ","RUR","62.6","62.57235","","",""
"cci","EQ_MICS","PUBLISHED","2006","EUR","KAZ","URB","No data","","","","Not calculated."
"cci","EQ_DHS","PUBLISHED","2006","EMR","PAK","RUR","50.5","50.50111","","",""
"cci","EQ_DHS","PUBLISHED","2005","AMR","PER","URB","85.6","85.55862","","",""
"cci","EQ_MICS","PUBLISHED","2005","EUR","SRB","URB","83.2","83.18683","","",""
"cci","EQ_DHS","PUBLISHED","2006","AFR","SWZ","URB","80.5","80.46582","","",""
"cci","EQ_DHS","PUBLISHED","2003","AFR","BFA","URB","73.3","73.29208","","",""
"cci","EQ_DHS","PUBLISHED","1996","SEAR","BGD","RUR","No data","","","","Not calculated."
"cci","EQ_DHS","PUBLISHED","2003","AMR","BOL","URB","73.5","73.47851","","",""
"cci","EQ_MICS","PUBLISHED","2006","AFR","CAF","URB","63.6","63.55186","","",""
"cci","EQ_DHS","PUBLISHED","2003","EMR","MAR","RUR","64.2","64.18703","","",""
"cci","EQ_DHS","PUBLISHED","1997","AFR","MDG","RUR","41.8","41.81835","","",""
"cci","EQ_DHS","PUBLISHED","2000","AFR","NAM","RUR","64.5","64.54099","","",""
"cci","EQ_DHS","PUBLISHED","2013","AFR","NAM","URB","81.3","81.34827","","",""
"cci","EQ_DHS","PUBLISHED","1996","AFR","TCD","URB","46.4","46.44452","","",""
"cci","EQ_DHS","PUBLISHED","2012","EUR","TJK","RUR","73.2","73.20165","","",""
"cci","EQ_MICS","PUBLISHED","2006","EMR","YEM","URB","69.0","69.00443","","",""
"cci","EQ_DHS","PUBLISHED","1999","AFR","ZWE","URB","84.5","84.46448","","",""
"cci","EQ_DHS","PUBLISHED","2005","AMR","COL","URB","80.2","80.15237","","",""
"cci","EQ_MICS","PUBLISHED","2010","AMR","CUB","RUR","No data","","","","Not calculated."
"cci","EQ_DHS","PUBLISHED","2000","EMR","EGY","URB","78.2","78.15535","","",""
"cci","EQ_MICS","PUBLISHED","2011","AFR","GHA","URB","76.2","76.23624","","",""
"cci","EQ_MICS","PUBLISHED","2006","AFR","GNB","URB","64.7","64.71760","","",""
"cci","EQ_MICS","PUBLISHED","2006","AFR","MWI","URB","No data","","","","Not calculated."
"cci","EQ_DHS","PUBLISHED","1998","AFR","NER","RUR","26.3","26.29922","","",""
"cci","EQ_DHS","PUBLISHED","2012","AFR","NER","URB","75.2","75.18101","","",""
"cci","EQ_DHS","PUBLISHED","2001","AMR","NIC","URB","82.4","82.37666","","",""
"cci","EQ_DHS","PUBLISHED","2000","AMR","PER","RUR","66.6","66.55354","","",""
"cci","EQ_DHS","PUBLISHED","1999","AFR","TZA","URB","74.6","74.59483","","",""
"cci","EQ_DHS","PUBLISHED","2011","AFR","UGA","RUR","62.9","62.88136","","",""
"cci","EQ_DHS","PUBLISHED","1998","AFR","ZAF","RUR","71.9","71.89034","","",""
"cci","EQ_DHS","PUBLISHED","1999","AFR","ZWE","RUR","74.2","74.17189","","",""
"cci","EQ_MICS","PUBLISHED","2006","AMR","CUB","RUR","No data","","","","Not calculated."
"cci","EQ_DHS","PUBLISHED","2007","AMR","DOM","URB","81.8","81.83012","","",""
"cci","EQ_DHS","PUBLISHED","1998","AFR","GHA","RUR","47.5","47.47553","","",""
"cci","EQ_DHS","PUBLISHED","2005","AFR","GIN","RUR","42.6","42.62875","","",""
"cci","EQ_DHS","PUBLISHED","2005","EUR","MDA","RUR","85.0","85.01358","","",""
"cci","EQ_DHS","PUBLISHED","1995","AFR","MLI","RUR","26.3","26.33603","","",""
"cci","EQ_MICS","PUBLISHED","2007","AFR","MRT","RUR","42.9","42.86429","","",""
"cci","EQ_DHS","PUBLISHED","2000","AFR","MWI","URB","74.3","74.29282","","",""
"cci","EQ_DHS","PUBLISHED","2012","EUR","TJK","URB","76.3","76.31445","","",""
"cci","EQ_DHS","PUBLISHED","1993","EUR","TUR","RUR","No data","","","","Not calculated."
"cci","EQ_MICS","PUBLISHED","2006","EUR","UZB","RUR","83.6","83.61356","","",""
"cci","EQ_MICS","PUBLISHED","2007","WPR","VUT","RUR","No data","","","","Not calculated."
"cci","EQ_DHS","PUBLISHED","1998","AFR","CMR","URB","67.5","67.46675","","",""
"cci","EQ_MICS","PUBLISHED","2006","EMR","DJI","URB","64.6","64.56781","","",""
"cci","EQ_DHS","PUBLISHED","2011","AMR","HND","RUR","82.1","82.07847","","",""
"cci","EQ_DHS","PUBLISHED","1994","AMR","HTI","URB","No data","","","","Not calculated."
"cci","EQ_MICS","PUBLISHED","2012","AMR","LCA","URB","No data","","","","Not calculated."
"cci","EQ_DHS","PUBLISHED","2004","AFR","LSO","URB","77.1","77.05680","","",""
"cci","EQ_DHS","PUBLISHED","2013","AFR","NGA","RUR","31.5","31.46696","","",""
"cci","EQ_DHS","PUBLISHED","2011","SEAR","NPL","URB","78.9","78.85242","","",""
"cci","EQ_MICS","PUBLISHED","2005","EUR","UKR","RUR","No data","","","","Not calculated."
"cci","EQ_MICS","PUBLISHED","2006","WPR","VNM","RUR","No data","","","","Not calculated."
"cci","EQ_DHS","PUBLISHED","1996","SEAR","BGD","URB","No data","","","","Not calculated."
"cci","EQ_DHS","PUBLISHED","2004","SEAR","BGD","RUR","56.8","56.78696","","",""
"cci","EQ_DHS","PUBLISHED","2005","AFR","COG","RUR","62.0","62.03891","","",""
"cci","EQ_DHS","PUBLISHED","2011","AFR","COG","URB","76.9","76.87313","","",""
"cci","EQ_DHS","PUBLISHED","2012","AFR","COM","RUR","58.1","58.12331","","",""
"cci","EQ_DHS","PUBLISHED","2005","AMR","HTI","URB","56.6","56.60970","","",""
"cci","EQ_DHS","PUBLISHED","1998","SEAR","IND","URB","71.9","71.90166","","",""
"cci","EQ_DHS","PUBLISHED","2005","EUR","MDA","URB","84.2","84.16157","","",""
"cci","EQ_DHS","PUBLISHED","1997","AFR","MDG","URB","60.1","60.06026","","",""
"cci","EQ_DHS","PUBLISHED","2013","WPR","PHL","URB","79.8","79.82093","","",""
"cci","EQ_MICS","PUBLISHED","2010","EMR","SDN","RUR","45.0","44.99567","","",""
"cci","EQ_DHS","PUBLISHED","1998","EUR","TUR","RUR","No data","","","","Not calculated."
"cci","EQ_DHS","PUBLISHED","2006","AFR","UGA","URB","71.4","71.44571","","",""
"cci","EQ_MICS","PUBLISHED","2012","AMR","BRB","URB","No data","","","","Not calculated."
"cci","EQ_MICS","PUBLISHED","2010","SEAR","BTN","URB","No data","","","","Not calculated."
"cci","EQ_DHS","PUBLISHED","2000","AFR","GAB","RUR","47.9","47.91996","","",""
"cci","EQ_DHS","PUBLISHED","2003","AFR","GHA","RUR","53.4","53.42675","","",""
"cci","EQ_DHS","PUBLISHED","2003","AFR","KEN","RUR","58.7","58.70797","","",""
"cci","EQ_DHS","PUBLISHED","1997","EUR","KGZ","URB","82.9","82.87296","","",""
"cci","EQ_MICS","PUBLISHED","2012","AMR","LCA","RUR","No data","","","","Not calculated."
"cci","EQ_DHS","PUBLISHED","1997","AMR","NIC","URB","78.5","78.53565","","",""
"cci","EQ_DHS","PUBLISHED","2011","SEAR","NPL","RUR","61.9","61.87218","","",""
"cci","EQ_MICS","PUBLISHED","2010","AFR","SWZ","RUR","78.9","78.91832","","",""
"cci","EQ_MICS","PUBLISHED","2006","AFR","TGO","RUR","46.6","46.55412","","",""
"cci","EQ_MICS","PUBLISHED","2005","EUR","ALB","URB","No data","","","","Not calculated."
"cci","EQ_DHS","PUBLISHED","2005","EUR","ARM","RUR","77.0","77.01567","","",""
"cci","EQ_DHS","PUBLISHED","1994","AFR","CIV","RUR","35.9","35.85818","","",""
"cci","EQ_MICS","PUBLISHED","2006","AMR","CUB","URB","No data","","","","Not calculated."
"cci","EQ_DHS","PUBLISHED","2000","WPR","KHM","RUR","44.1","44.14134","","",""
"cci","EQ_DHS","PUBLISHED","2013","AFR","LBR","URB","65.6","65.55975","","",""
"cci","EQ_DHS","PUBLISHED","2008","AFR","NGA","URB","58.1","58.06037","","",""
"cci","EQ_DHS","PUBLISHED","1996","SEAR","NPL","URB","57.0","57.01752","","",""
"cci","EQ_DHS","PUBLISHED","2008","AFR","SLE","RUR","47.1","47.05119","","",""
"cci","EQ_DHS","PUBLISHED","2008","AFR","STP","URB","72.0","72.01951","","",""
"cci","EQ_MICS","PUBLISHED","2006","EMR","SYR","RUR","74.0","73.98947","","",""
"cci","EQ_MICS","PUBLISHED","2014","AFR","ZWE","RUR","79.1","79.11668","","",""
"cci","EQ_DHS","PUBLISHED","2008","EUR","ALB","URB","90.5","90.52254","","",""
"cci","EQ_DHS","PUBLISHED","2011","AFR","CIV","RUR","48.8","48.75324","","",""
"cci","EQ_DHS","PUBLISHED","2013","AFR","COD","URB","66.9","66.87673","","",""
"cci","EQ_DHS","PUBLISHED","2009","AMR","GUY","RUR","72.0","72.00834","","",""
"cci","EQ_DHS","PUBLISHED","2005","AMR","HND","URB","81.4","81.44076","","",""
"cci","EQ_DHS","PUBLISHED","2006","AFR","MLI","URB","60.7","60.66269","","",""
"cci","EQ_MICS","PUBLISHED","2008","AFR","MOZ","URB","No data","","","","Not calculated."
"cci","EQ_DHS","PUBLISHED","2011","AMR","PER","RUR","78.5","78.50014","","",""
"cci","EQ_DHS","PUBLISHED","1993","WPR","PHL","URB","No data","","","","Not calculated."
"cci","EQ_MICS","PUBLISHED","2006","AMR","TTO","RUR","No data","","","","Not available."
"cci","EQ_DHS","PUBLISHED","1996","AFR","TZA","URB","75.5","75.49669","","",""
"cci","EQ_DHS","PUBLISHED","2005","AFR","ZWE","URB","76.0","76.02246","","",""
"cci","EQ_MICS","PUBLISHED","2010","EMR","AFG","RUR","No data","","","","Not calculated."
"cci","EQ_DHS","PUBLISHED","2010","EUR","ARM","URB","85.6","85.60735","","",""
"cci","EQ_MICS","PUBLISHED","2006","AFR","CMR","RUR","65.0","64.95853","","",""
"cci","EQ_DHS","PUBLISHED","2000","AMR","COL","URB","80.8","80.79221","","",""
"cci","EQ_DHS","PUBLISHED","2012","AFR","GIN","URB","61.4","61.44112","","",""
"cci","EQ_MICS","PUBLISHED","2006","AMR","GUY","RUR","66.5","66.51717","","",""
"cci","EQ_DHS","PUBLISHED","2012","EUR","KGZ","URB","78.1","78.11867","","",""
"cci","EQ_MICS","PUBLISHED","2011","WPR","LAO","RUR","57.3","57.27973","","",""
"cci","EQ_DHS","PUBLISHED","2006","SEAR","NPL","URB","70.7","70.71564","","",""
"cci","EQ_MICS","PUBLISHED","2013","AMR","PAN","URB","84.5","84.49894","","",""
"cci","EQ_DHS","PUBLISHED","2004","AFR","TCD","URB","46.2","46.21424","","",""
"cci","EQ_DHS","PUBLISHED","2013","AFR","TGO","RUR","51.7","51.72591","","",""
"cci","EQ_DHS","PUBLISHED","2013","AFR","ZMB","URB","83.6","83.56764","","",""
"cci","EQ_MICS","PUBLISHED","2005","EUR","ALB","RUR","No data","","","","Not calculated."
"cci","EQ_MICS","PUBLISHED","2011","AMR","ARG","URB","No data","","","","Not calculated."
"cci","EQ_MICS","PUBLISHED","2012","EUR","BLR","RUR","No data","","","","Not calculated."
"cci","EQ_MICS","PUBLISHED","2012","AMR","BRB","RUR","No data","","","","Not calculated."
"cci","EQ_DHS","PUBLISHED","1997","SEAR","IDN","RUR","66.9","66.91691","","",""
"cci","EQ_DHS","PUBLISHED","2002","SEAR","IDN","RUR","69.0","68.95114","","",""
"cci","EQ_DHS","PUBLISHED","1997","EUR","KGZ","RUR","73.4","73.44431","","",""
"cci","EQ_DHS","PUBLISHED","2014","WPR","KHM","RUR","79.6","79.59650","","",""
"cci","EQ_DHS","PUBLISHED","2006","AMR","PER","URB","86.3","86.32663","","",""
"cci","EQ_DHS","PUBLISHED","2011","AMR","PER","URB","87.3","87.26126","","",""
"cci","EQ_MICS","PUBLISHED","2006","AMR","TTO","URB","No data","","","","Not available."
"cci","EQ_DHS","PUBLISHED","1996","AFR","TZA","RUR","55.9","55.87626","","",""
"cci","EQ_MICS","PUBLISHED","2011","EUR","BIH","URB","86.4","86.43043","","",""
"cci","EQ_MICS","PUBLISHED","2012","EUR","BLR","URB","No data","","","","Not calculated."
"cci","EQ_DHS","PUBLISHED","2004","AFR","CMR","RUR","51.5","51.51471","","",""
"cci","EQ_DHS","PUBLISHED","2011","AFR","CMR","RUR","50.3","50.26374","","",""
"cci","EQ_DHS","PUBLISHED","1997","EMR","JOR","URB","78.5","78.45766","","",""
"cci","EQ_DHS","PUBLISHED","2002","EMR","JOR","URB","81.0","81.03650","","",""
"cci","EQ_DHS","PUBLISHED","2012","EMR","JOR","RUR","85.3","85.27013","","",""
"cci","EQ_MICS","PUBLISHED","2014","EUR","KGZ","URB","80.5","80.53188","","",""
"cci","EQ_MICS","PUBLISHED","2011","WPR","LAO","URB","77.9","77.91022","","",""
"cci","EQ_MICS","PUBLISHED","2010","AFR","SLE","RUR","60.8","60.81334","","",""
"cci","EQ_DHS","PUBLISHED","2013","AFR","SLE","URB","72.2","72.20564","","",""
"cci","EQ_MICS","PUBLISHED","2010","AFR","TCD","RUR","21.6","21.63755","","",""
"cci","EQ_MICS","PUBLISHED","2005","EUR","TJK","RUR","67.7","67.72863","","",""
"cci","EQ_DHS","PUBLISHED","1998","AFR","CIV","URB","65.1","65.06444","","",""
"cci","EQ_DHS","PUBLISHED","2007","AFR","COD","URB","64.0","64.03306","","",""
"cci","EQ_MICS","PUBLISHED","2014","AMR","CUB","RUR","No data","","","","Not calculated."
"cci","EQ_DHS","PUBLISHED","2008","EMR","EGY","URB","81.3","81.26289","","",""
"cci","EQ_DHS","PUBLISHED","2008","AFR","MDG","RUR","60.9","60.91891","","",""
"cci","EQ_DHS","PUBLISHED","1997","AFR","MOZ","RUR","36.4","36.37849","","",""
"cci","EQ_DHS","PUBLISHED","2010","AFR","MWI","URB","78.4","78.43538","","",""
"cci","EQ_DHS","PUBLISHED","2012","AFR","NER","RUR","52.7","52.65983","","",""
"cci","EQ_MICS","PUBLISHED","2010","AFR","TGO","URB","62.3","62.27407","","",""
"cci","EQ_MICS","PUBLISHED","2006","EUR","TKM","URB","81.4","81.39886","","",""
"cci","EQ_MICS","PUBLISHED","2010","WPR","VNM","RUR","83.5","83.48616","","",""
"cci","EQ_DHS","PUBLISHED","2005","AFR","ZWE","RUR","63.3","63.34325","","",""
"cci","EQ_DHS","PUBLISHED","2002","AMR","DOM","URB","78.2","78.20588","","",""
"cci","EQ_DHS","PUBLISHED","2014","EMR","EGY","URB","80.1","80.08956","","",""
"cci","EQ_DHS","PUBLISHED","1997","EMR","JOR","RUR","75.2","75.20909","","",""
"cci","EQ_DHS","PUBLISHED","1993","AFR","KEN","RUR","No data","","","","Not calculated."
"cci","EQ_DHS","PUBLISHED","2006","SEAR","NPL","RUR","54.7","54.74342","","",""
"cci","EQ_DHS","PUBLISHED","2000","AMR","PER","URB","81.7","81.66380","","",""
"cci","EQ_DHS","PUBLISHED","2008","WPR","PHL","RUR","68.0","67.98969","","",""
"cci","EQ_DHS","PUBLISHED","1997","AFR","SEN","RUR","No data","","","","Not calculated."
"cci","EQ_DHS","PUBLISHED","2000","EUR","ARM","URB","75.5","75.45334","","",""
"cci","EQ_DHS","PUBLISHED","2010","AFR","BDI","URB","73.6","73.63651","","",""
"cci","EQ_MICS","PUBLISHED","2006","AMR","BLZ","RUR","66.9","66.89109","","",""
"cci","EQ_MICS","PUBLISHED","2006","AFR","CIV","RUR","48.7","48.66865","","",""
"cci","EQ_MICS","PUBLISHED","2005","AMR","JAM","URB","No data","","","","Not calculated."
"cci","EQ_DHS","PUBLISHED","1999","EUR","KAZ","URB","77.0","77.03071","","",""
"cci","EQ_DHS","PUBLISHED","2008","AFR","MDG","URB","78.6","78.57205","","",""
"cci","EQ_MICS","PUBLISHED","2005","EUR","MKD","URB","72.7","72.72863","","",""
"cci","EQ_DHS","PUBLISHED","2000","AFR","RWA","RUR","46.7","46.70339","","",""
"cci","EQ_DHS","PUBLISHED","2010","AFR","RWA","URB","78.2","78.16395","","",""
"cci","EQ_MICS","PUBLISHED","2006","EMR","SYR","URB","80.2","80.21599","","",""
"cci","EQ_DHS","PUBLISHED","1998","AFR","TGO","URB","61.1","61.10546","","",""
"cci","EQ_DHS","PUBLISHED","2011","AFR","BEN","RUR","55.3","55.25935","","",""
"cci","EQ_MICS","PUBLISHED","2012","SEAR","BGD","RUR","No data","","","","Not calculated."
"cci","EQ_DHS","PUBLISHED","1996","AMR","BRA","URB","78.8","78.78222","","",""
"cci","EQ_MICS","PUBLISHED","2006","AFR","CAF","RUR","40.8","40.77235","","",""
"cci","EQ_DHS","PUBLISHED","2000","AMR","HTI","RUR","40.3","40.25370","","",""
"cci","EQ_DHS","PUBLISHED","2007","SEAR","IDN","RUR","73.3","73.28700","","",""
"cci","EQ_DHS","PUBLISHED","1998","AFR","KEN","URB","77.6","77.59009","","",""
"cci","EQ_MICS","PUBLISHED","2005","EUR","KGZ","RUR","68.5","68.54685","","",""
"cci","EQ_DHS","PUBLISHED","2007","AMR","PER","RUR","78.3","78.30590","","",""
"cci","EQ_DHS","PUBLISHED","2010","AMR","PER","URB","85.1","85.06859","","",""
"cci","EQ_DHS","PUBLISHED","2008","AFR","SLE","URB","61.2","61.18567","","",""
"cci","EQ_DHS","PUBLISHED","2008","AFR","STP","RUR","76.8","76.78339","","",""
"cci","EQ_DHS","PUBLISHED","1999","AMR","DOM","RUR","75.6","75.60215","","",""
"cci","EQ_DHS","PUBLISHED","1999","AMR","DOM","URB","74.6","74.55322","","",""
"cci","EQ_DHS","PUBLISHED","2011","AFR","CIV","URB","65.6","65.60712","","",""
"cci","EQ_DHS","PUBLISHED","2000","EMR","EGY","RUR","68.1","68.12177","","",""
"cci","EQ_DHS","PUBLISHED","2012","AFR","GAB","URB","70.3","70.28057","","",""
"cci","EQ_DHS","PUBLISHED","2002","SEAR","IDN","URB","78.7","78.69418","","",""
"cci","EQ_DHS","PUBLISHED","2010","WPR","KHM","URB","81.7","81.67566","","",""
"cci","EQ_DHS","PUBLISHED","2009","SEAR","MDV","URB","78.7","78.65825","","",""
"cci","EQ_DHS","PUBLISHED","2006","AFR","NER","RUR","36.0","35.98110","","",""
"cci","EQ_DHS","PUBLISHED","2010","AMR","PER","RUR","76.8","76.79392","","",""
"cci","EQ_DHS","PUBLISHED","2009","SEAR","TLS","RUR","56.5","56.49611","","",""
"cci","EQ_DHS","PUBLISHED","1996","AFR","ZMB","URB","74.4","74.35983","","",""
"cci","EQ_DHS","PUBLISHED","2001","AFR","BEN","RUR","56.9","56.91341","","",""
"cci","EQ_DHS","PUBLISHED","2004","SEAR","BGD","URB","68.7","68.70300","","",""
"cci","EQ_DHS","PUBLISHED","2011","AFR","CMR","URB","69.5","69.54486","","",""
"cci","EQ_DHS","PUBLISHED","1995","AMR","GTM","URB","62.6","62.56089","","",""
"cci","EQ_DHS","PUBLISHED","2007","EMR","JOR","RUR","82.4","82.35786","","",""
"cci","EQ_DHS","PUBLISHED","2005","WPR","KHM","URB","68.8","68.76577","","",""
"cci","EQ_MICS","PUBLISHED","2011","AFR","MRT","RUR","45.2","45.19653","","",""
"cci","EQ_DHS","PUBLISHED","2009","AMR","PER","URB","83.7","83.71758","","",""
"cci","EQ_MICS","PUBLISHED","2010","AFR","SLE","URB","67.4","67.35225","","",""
"cci","EQ_DHS","PUBLISHED","2004","AFR","TCD","RUR","24.2","24.22242","","",""
"cci","EQ_DHS","PUBLISHED","2000","EUR","ARM","RUR","75.3","75.29745","","",""
"cci","EQ_MICS","PUBLISHED","2006","AMR","BLZ","URB","72.3","72.31872","","",""
"cci","EQ_DHS","PUBLISHED","1994","AFR","CAF","URB","61.6","61.63044","","",""
"cci","EQ_MICS","PUBLISHED","2006","EMR","DJI","RUR","43.0","42.97381","","",""
"cci","EQ_DHS","PUBLISHED","2008","AFR","GHA","RUR","60.1","60.11609","","",""
"cci","EQ_MICS","PUBLISHED","2011","AMR","JAM","URB","No data","","","","Not calculated."
"cci","EQ_DHS","PUBLISHED","2006","AFR","MLI","RUR","42.1","42.09162","","",""
"cci","EQ_MICS","PUBLISHED","2013","AFR","MWI","URB","81.5","81.54536","","",""
"cci","EQ_MICS","PUBLISHED","2014","SEAR","NPL","URB","80.9","80.93182","","",""
"cci","EQ_MICS","PUBLISHED","2010","EUR","SRB","RUR","No data","","","","Not calculated."
"cci","EQ_DHS","PUBLISHED","2013","AFR","TGO","URB","67.0","66.99112","","",""
"cci","EQ_DHS","PUBLISHED","2002","WPR","VNM","RUR","77.4","77.42253","","",""
"cci","EQ_DHS","PUBLISHED","2010","AFR","ZWE","URB","74.2","74.15416","","",""
"cci","EQ_DHS","PUBLISHED","1993","SEAR","BGD","RUR","No data","","","","Not calculated."
"cci","EQ_DHS","PUBLISHED","2008","AMR","BOL","RUR","64.9","64.94055","","",""
"cci","EQ_DHS","PUBLISHED","2002","AMR","DOM","RUR","77.1","77.09484","","",""
"cci","EQ_DHS","PUBLISHED","1993","AFR","GHA","RUR","No data","","","","Not calculated."
"cci","EQ_DHS","PUBLISHED","2007","EMR","JOR","URB","82.9","82.86295","","",""
"cci","EQ_MICS","PUBLISHED","2012","EUR","MDA","URB","84.5","84.45618","","",""
"cci","EQ_DHS","PUBLISHED","2003","AFR","NGA","RUR","31.5","31.51709","","",""
"cci","EQ_MICS","PUBLISHED","2013","AMR","PAN","RUR","75.0","74.98878","","",""
"cci","EQ_DHS","PUBLISHED","2008","WPR","PHL","URB","76.9","76.87529","","",""
"cci","EQ_DHS","PUBLISHED","1998","EUR","TUR","URB","No data","","","","Not calculated."
"cci","EQ_DHS","PUBLISHED","1994","AFR","ZWE","URB","80.1","80.10944","","",""
"cci","EQ_DHS","PUBLISHED","2010","AFR","BDI","RUR","66.1","66.10249","","",""
"cci","EQ_MICS","PUBLISHED","2006","AFR","CIV","URB","69.5","69.50948","","",""
"cci","EQ_DHS","PUBLISHED","1996","AFR","COM","URB","59.6","59.61119","","",""
"cci","EQ_MICS","PUBLISHED","2006","AFR","GHA","URB","No data","","","","Not calculated."
"cci","EQ_MICS","PUBLISHED","2005","EUR","KGZ","URB","76.3","76.26772","","",""
"cci","EQ_DHS","PUBLISHED","2009","SEAR","MDV","RUR","80.7","80.70878","","",""
"cci","EQ_MICS","PUBLISHED","2013","AFR","MWI","RUR","79.8","79.80983","","",""
"cci","EQ_DHS","PUBLISHED","2004","AMR","PER","RUR","73.9","73.86710","","",""
"cci","EQ_DHS","PUBLISHED","2005","AFR","RWA","RUR","51.8","51.77489","","",""
"cci","EQ_DHS","PUBLISHED","2006","AFR","SWZ","RUR","75.8","75.75484","","",""
"cci","EQ_MICS","PUBLISHED","2005","EUR","UKR","URB","No data","","","","Not calculated."
"cci","EQ_DHS","PUBLISHED","1998","AFR","ZAF","URB","81.4","81.44800","","",""
"cci","EQ_DHS","PUBLISHED","2010","EUR","ARM","RUR","86.9","86.86629","","",""
"cci","EQ_DHS","PUBLISHED","2004","AFR","CMR","URB","69.8","69.83941","","",""
"cci","EQ_DHS","PUBLISHED","2007","AMR","DOM","RUR","81.1","81.05320","","",""
"cci","EQ_DHS","PUBLISHED","1993","AFR","GHA","URB","No data","","","","Not calculated."
"cci","EQ_DHS","PUBLISHED","2012","SEAR","IDN","RUR","78.1","78.08718","","",""
"cci","EQ_DHS","PUBLISHED","2003","AFR","KEN","URB","71.5","71.47651","","",""
"cci","EQ_DHS","PUBLISHED","2013","AFR","LBR","RUR","56.9","56.90650","","",""
"cci","EQ_DHS","PUBLISHED","1998","AFR","NER","URB","65.7","65.65392","","",""
"cci","EQ_DHS","PUBLISHED","2008","AMR","PER","URB","84.7","84.68661","","",""
"cci","EQ_MICS","PUBLISHED","2005","AFR","SLE","URB","67.2","67.16651","","",""
"cci","EQ_DHS","PUBLISHED","1993","EUR","TUR","URB","No data","","","","Not calculated."
"cci","EQ_DHS","PUBLISHED","1997","WPR","VNM","URB","82.0","82.03652","","",""
"cci","EQ_DHS","PUBLISHED","1996","AFR","BEN","URB","58.3","58.33960","","",""
"cci","EQ_DHS","PUBLISHED","2011","SEAR","BGD","URB","77.8","77.75459","","",""
"cci","EQ_DHS","PUBLISHED","2011","AFR","ETH","RUR","32.7","32.67809","","",""
"cci","EQ_DHS","PUBLISHED","2011","AFR","ETH","URB","63.0","62.98881","","",""
"cci","EQ_MICS","PUBLISHED","2011","EMR","IRQ","URB","77.5","77.48385","","",""
"cci","EQ_DHS","PUBLISHED","1995","EUR","KAZ","URB","70.3","70.25703","","",""
"cci","EQ_MICS","PUBLISHED","2013","EUR","MNE","URB","82.0","81.99833","","",""
"cci","EQ_DHS","PUBLISHED","2004","AFR","MWI","RUR","63.0","62.99421","","",""
"cci","EQ_MICS","PUBLISHED","2005","AFR","SLE","RUR","74.2","74.15782","","",""
"cci","EQ_MICS","PUBLISHED","2006","EMR","SOM","RUR","No data","","","","Not calculated."
"cci","EQ_MICS","PUBLISHED","2009","AFR","ZWE","RUR","No data","","","","Not calculated."
"cci","EQ_MICS","PUBLISHED","2009","AFR","ZWE","URB","No data","","","","Not calculated."
"cci","EQ_DHS","PUBLISHED","1994","AMR","BOL","RUR","39.6","39.61914","","",""
"cci","EQ_DHS","PUBLISHED","1994","AFR","CIV","URB","60.4","60.37688","","",""
"cci","EQ_DHS","PUBLISHED","2014","AFR","GHA","URB","71.0","70.98280","","",""
"cci","EQ_DHS","PUBLISHED","1999","AFR","GIN","RUR","34.2","34.20614","","",""
"cci","EQ_MICS","PUBLISHED","2010","EUR","KAZ","RUR","83.9","83.92397","","",""
"cci","EQ_MICS","PUBLISHED","2010","EUR","KAZ","URB","89.6","89.63386","","",""
"cci","EQ_MICS","PUBLISHED","2007","AFR","NGA","RUR","32.2","32.20812","","",""
"cci","EQ_MICS","PUBLISHED","2010","SEAR","NPL","URB","69.3","69.32121","","",""
"cci","EQ_MICS","PUBLISHED","2010","AFR","SSD","RUR","No data","","","","Not calculated."
"cci","EQ_MICS","PUBLISHED","2010","AFR","SSD","URB","No data","","","","Not calculated."
"cci","EQ_DHS","PUBLISHED","2003","AFR","BFA","RUR","46.3","46.29220","","",""
"cci","EQ_MICS","PUBLISHED","2006","AFR","BFA","RUR","52.2","52.24271","","",""
"cci","EQ_MICS","PUBLISHED","2010","AFR","COD","RUR","54.2","54.15033","","",""
"cci","EQ_DHS","PUBLISHED","2010","AMR","COL","RUR","80.0","80.04093","","",""
"cci","EQ_DHS","PUBLISHED","1996","AFR","COM","RUR","51.8","51.79792","","",""
"cci","EQ_DHS","PUBLISHED","2013","AFR","GMB","URB","67.3","67.25504","","",""
"cci","EQ_MICS","PUBLISHED","2006","AFR","GNB","RUR","45.9","45.93640","","",""
"cci","EQ_MICS","PUBLISHED","2008","AFR","MOZ","RUR","No data","","","","Not calculated."
"cci","EQ_DHS","PUBLISHED","2011","AFR","MOZ","RUR","54.5","54.53938","","",""
"cci","EQ_DHS","PUBLISHED","2012","AMR","PER","URB","86.1","86.08192","","",""
"cci","EQ_DHS","PUBLISHED","2012","AFR","SEN","RUR","55.1","55.13791","","",""
"cci","EQ_DHS","PUBLISHED","2014","AFR","SEN","URB","69.8","69.76939","","",""
"cci","EQ_DHS","PUBLISHED","2004","AFR","TZA","RUR","63.3","63.26087","","",""
"cci","EQ_DHS","PUBLISHED","2010","AFR","TZA","URB","82.9","82.92073","","",""
"cci","EQ_MICS","PUBLISHED","2006","SEAR","BGD","URB","No data","","","","Not calculated."
"cci","EQ_MICS","PUBLISHED","2011","EUR","BIH","RUR","84.8","84.75558","","",""
"cci","EQ_DHS","PUBLISHED","2000","AMR","HTI","URB","54.3","54.31141","","",""
"cci","EQ_DHS","PUBLISHED","2012","AMR","HTI","URB","62.8","62.80696","","",""
"cci","EQ_MICS","PUBLISHED","2011","EUR","MKD","RUR","85.1","85.10198","","",""
"cci","EQ_DHS","PUBLISHED","1995","AFR","MLI","URB","57.4","57.44499","","",""
"cci","EQ_DHS","PUBLISHED","2004","AFR","MWI","URB","75.6","75.60568","","",""
"cci","EQ_DHS","PUBLISHED","2009","AMR","PER","RUR","76.7","76.72821","","",""
"cci","EQ_DHS","PUBLISHED","1998","WPR","PHL","URB","75.9","75.88989","","",""
"cci","EQ_DHS","PUBLISHED","1996","EUR","UZB","RUR","79.4","79.42997","","",""
"cci","EQ_MICS","PUBLISHED","2006","EUR","UZB","URB","81.9","81.87622","","",""
"cci","EQ_MICS","PUBLISHED","2006","AFR","BFA","URB","69.3","69.28114","","",""
"cci","EQ_DHS","PUBLISHED","2010","AFR","BFA","RUR","60.7","60.74828","","",""
"cci","EQ_MICS","PUBLISHED","2012","SEAR","BGD","URB","No data","","","","Not calculated."
"cci","EQ_DHS","PUBLISHED","1995","EMR","EGY","RUR","55.9","55.93299","","",""
"cci","EQ_DHS","PUBLISHED","2009","AFR","LSO","RUR","68.2","68.24887","","",""
"cci","EQ_DHS","PUBLISHED","2003","EMR","MAR","URB","80.1","80.10847","","",""
"cci","EQ_DHS","PUBLISHED","1999","AFR","NGA","RUR","38.3","38.30491","","",""
"cci","EQ_DHS","PUBLISHED","2001","AMR","NIC","RUR","73.0","73.02538","","",""
"cci","EQ_DHS","PUBLISHED","2014","AFR","SEN","RUR","60.0","60.00829","","",""
"cci","EQ_MICS","PUBLISHED","2010","EUR","SRB","URB","No data","","","","Not calculated."
"cci","EQ_DHS","PUBLISHED","2002","WPR","VNM","URB","86.8","86.79336","","",""
"cci","EQ_MICS","PUBLISHED","2013","WPR","VNM","URB","89.8","89.76410","","",""
"cci","EQ_MICS","PUBLISHED","2006","EUR","BIH","URB","76.5","76.52622","","",""
"cci","EQ_DHS","PUBLISHED","2008","AMR","BOL","URB","76.3","76.33292","","",""
"cci","EQ_DHS","PUBLISHED","2008","EMR","EGY","RUR","74.6","74.64751","","",""
"cci","EQ_DHS","PUBLISHED","2000","AFR","ETH","RUR","18.2","18.17620","","",""
"cci","EQ_DHS","PUBLISHED","2005","SEAR","IND","URB","75.4","75.37029","","",""
"cci","EQ_MICS","PUBLISHED","2006","EMR","IRQ","URB","81.5","81.53001","","",""
"cci","EQ_MICS","PUBLISHED","2005","WPR","MNG","RUR","81.2","81.24298","","",""
"cci","EQ_MICS","PUBLISHED","2010","WPR","MNG","URB","87.8","87.79283","","",""
"cci","EQ_DHS","PUBLISHED","2003","WPR","PHL","RUR","68.0","67.97102","","",""
"cci","EQ_MICS","PUBLISHED","2010","EMR","SDN","URB","59.7","59.67823","","",""
"cci","EQ_DHS","PUBLISHED","1995","AFR","UGA","RUR","49.3","49.28479","","",""
"cci","EQ_DHS","PUBLISHED","2000","AFR","UGA","RUR","49.8","49.84313","","",""
"cci","EQ_DHS","PUBLISHED","2008","EUR","ALB","RUR","84.6","84.56109","","",""
"cci","EQ_DHS","PUBLISHED","1994","AMR","BOL","URB","62.3","62.31641","","",""
"cci","EQ_DHS","PUBLISHED","1996","AMR","DOM","URB","72.8","72.84785","","",""
"cci","EQ_DHS","PUBLISHED","2005","EMR","EGY","URB","80.0","80.01382","","",""
"cci","EQ_MICS","PUBLISHED","2005","AFR","GMB","URB","No data","","","","Not calculated."
"cci","EQ_DHS","PUBLISHED","1997","SEAR","IDN","URB","79.3","79.25010","","",""
"cci","EQ_DHS","PUBLISHED","2008","AFR","KEN","URB","76.0","76.00982","","",""
"cci","EQ_MICS","PUBLISHED","2006","WPR","LAO","URB","No data","","","","Not calculated."
"cci","EQ_MICS","PUBLISHED","2005","EUR","MNE","URB","79.9","79.93464","","",""
"cci","EQ_DHS","PUBLISHED","2010","AFR","MWI","RUR","74.6","74.60696","","",""
"cci","EQ_DHS","PUBLISHED","2006","AMR","PER","RUR","75.5","75.52473","","",""
"cci","EQ_DHS","PUBLISHED","2010","AFR","SEN","RUR","53.0","53.03984","","",""
"cci","EQ_MICS","PUBLISHED","2011","EMR","TUN","URB","85.7","85.70598","","",""
"cci","EQ_MICS","PUBLISHED","2010","WPR","VNM","URB","87.1","87.08505","","",""
"cci","EQ_DHS","PUBLISHED","2006","AFR","BEN","URB","63.5","63.53603","","",""
"cci","EQ_MICS","PUBLISHED","2005","EUR","BLR","URB","No data","","","","Not calculated."
"cci","EQ_MICS","PUBLISHED","2006","AFR","CMR","URB","79.0","78.95668","","",""
"cci","EQ_DHS","PUBLISHED","2003","AFR","GHA","URB","70.1","70.08150","","",""
"cci","EQ_DHS","PUBLISHED","2009","AMR","GUY","URB","74.3","74.26395","","",""
"cci","EQ_DHS","PUBLISHED","2002","EMR","JOR","RUR","77.4","77.39982","","",""
"cci","EQ_DHS","PUBLISHED","2007","AFR","LBR","RUR","44.0","43.96261","","",""
"cci","EQ_DHS","PUBLISHED","2006","AFR","NAM","URB","83.1","83.12928","","",""
"cci","EQ_DHS","PUBLISHED","1996","AMR","PER","RUR","56.1","56.11428","","",""
"cci","EQ_MICS","PUBLISHED","2006","EMR","SOM","URB","No data","","","","Not calculated."
"cci","EQ_MICS","PUBLISHED","2005","SEAR","THA","URB","No data","","","","Not calculated."
"cci","EQ_DHS","PUBLISHED","2013","EMR","YEM","URB","66.5","66.46938","","",""
"cci","EQ_MICS","PUBLISHED","2011","AMR","BLZ","URB","84.1","84.07230","","",""
"cci","EQ_DHS","PUBLISHED","2007","AFR","COD","RUR","50.9","50.94371","","",""
"cci","EQ_DHS","PUBLISHED","2012","AFR","COM","URB","70.7","70.68163","","",""
"cci","EQ_MICS","PUBLISHED","2005","AFR","GMB","RUR","No data","","","","Not calculated."
"cci","EQ_DHS","PUBLISHED","1999","EUR","KAZ","RUR","76.1","76.14957","","",""
"cci","EQ_DHS","PUBLISHED","2003","AFR","MDG","RUR","53.3","53.32055","","",""
"cci","EQ_DHS","PUBLISHED","2003","AFR","NGA","URB","52.5","52.46783","","",""
"cci","EQ_DHS","PUBLISHED","2004","AMR","PER","URB","86.2","86.17706","","",""
"cci","EQ_MICS","PUBLISHED","2005","EUR","SRB","RUR","80.5","80.45774","","",""
"cci","EQ_DHS","PUBLISHED","1999","AFR","TZA","RUR","56.7","56.70526","","",""
"cci","EQ_DHS","PUBLISHED","2001","AFR","ZMB","RUR","62.0","62.00692","","",""
"cci","EQ_DHS","PUBLISHED","1998","AFR","BFA","URB","No data","","","","Not calculated."
"cci","EQ_MICS","PUBLISHED","2010","AFR","CAF","RUR","35.3","35.33746","","",""
"cci","EQ_DHS","PUBLISHED","2014","EMR","EGY","RUR","78.7","78.65706","","",""
"cci","EQ_MICS","PUBLISHED","2011","AMR","JAM","RUR","No data","","","","Not calculated."
"cci","EQ_MICS","PUBLISHED","2005","EUR","MKD","RUR","70.1","70.07622","","",""
"cci","EQ_DHS","PUBLISHED","2006","AFR","NAM","RUR","71.9","71.91140","","",""
"cci","EQ_DHS","PUBLISHED","2001","SEAR","NPL","RUR","48.2","48.20486","","",""
"cci","EQ_DHS","PUBLISHED","2010","AFR","SEN","URB","68.8","68.77982","","",""
"cci","EQ_MICS","PUBLISHED","2005","SEAR","THA","RUR","No data","","","","Not calculated."
"cci","EQ_MICS","PUBLISHED","2007","WPR","VUT","URB","No data","","","","Not calculated."
"cci","EQ_DHS","PUBLISHED","1996","AFR","BEN","RUR","49.7","49.74091","","",""
"cci","EQ_DHS","PUBLISHED","1998","AFR","CIV","RUR","43.1","43.06629","","",""
"cci","EQ_DHS","PUBLISHED","2000","AMR","COL","RUR","70.1","70.13187","","",""
"cci","EQ_DHS","PUBLISHED","2012","AFR","GIN","RUR","40.6","40.63527","","",""
"cci","EQ_DHS","PUBLISHED","2012","EMR","JOR","URB","83.9","83.88580","","",""
"cci","EQ_DHS","PUBLISHED","2003","AFR","MDG","URB","73.1","73.08215","","",""
"cci","EQ_DHS","PUBLISHED","2006","AFR","NER","URB","63.8","63.79765","","",""
"cci","EQ_DHS","PUBLISHED","2006","EMR","PAK","URB","67.3","67.28210","","",""
"cci","EQ_DHS","PUBLISHED","2013","WPR","PHL","RUR","74.3","74.32555","","",""
"cci","EQ_DHS","PUBLISHED","1998","AFR","TGO","RUR","41.6","41.63787","","",""
"cci","EQ_DHS","PUBLISHED","2004","AFR","TZA","URB","79.6","79.64430","","",""
"cci","EQ_DHS","PUBLISHED","2013","EMR","YEM","RUR","45.5","45.53555","","",""
"cci","EQ_DHS","PUBLISHED","1998","AFR","BFA","RUR","No data","","","","Not calculated."
"cci","EQ_DHS","PUBLISHED","1994","AFR","CAF","RUR","40.0","39.97976","","",""
"cci","EQ_MICS","PUBLISHED","2011","AMR","CRI","URB","90.8","90.81298","","",""
"cci","EQ_DHS","PUBLISHED","1998","AFR","GHA","URB","64.3","64.25985","","",""
"cci","EQ_DHS","PUBLISHED","1994","SEAR","IDN","URB","78.2","78.17477","","",""
"cci","EQ_DHS","PUBLISHED","1993","AFR","KEN","URB","No data","","","","Not calculated."
"cci","EQ_DHS","PUBLISHED","2012","EUR","KGZ","RUR","75.5","75.52301","","",""
"cci","EQ_MICS","PUBLISHED","2011","EUR","MKD","URB","87.2","87.19784","","",""
"cci","EQ_MICS","PUBLISHED","2011","AFR","MRT","URB","63.8","63.78644","","",""
"cci","EQ_DHS","PUBLISHED","1996","AMR","PER","URB","75.4","75.40233","","",""
"cci","EQ_DHS","PUBLISHED","1998","WPR","PHL","RUR","62.9","62.94767","","",""
"cci","EQ_MICS","PUBLISHED","2014","EUR","SRB","RUR","No data","","","","Not calculated."
"cci","EQ_MICS","PUBLISHED","2011","EMR","TUN","RUR","82.8","82.78627","","",""
"cci","EQ_MICS","PUBLISHED","2006","EMR","YEM","RUR","43.9","43.88366","","",""
"cci","EQ_DHS","PUBLISHED","2010","AMR","COL","URB","85.7","85.66061","","",""
"cci","EQ_DHS","PUBLISHED","1996","AMR","DOM","RUR","66.3","66.27626","","",""
"cci","EQ_DHS","PUBLISHED","1994","AMR","HTI","RUR","No data","","","","Not calculated."
"cci","EQ_DHS","PUBLISHED","1994","SEAR","IDN","RUR","60.5","60.54300","","",""
"cci","EQ_DHS","PUBLISHED","2004","AFR","LSO","RUR","65.7","65.65041","","",""
"cci","EQ_DHS","PUBLISHED","2009","AFR","LSO","URB","81.2","81.22691","","",""
"cci","EQ_MICS","PUBLISHED","2011","AFR","NGA","RUR","40.3","40.34763","","",""
"cci","EQ_DHS","PUBLISHED","1997","AMR","NIC","RUR","63.8","63.81065","","",""
"cci","EQ_DHS","PUBLISHED","2011","AFR","UGA","URB","76.2","76.20706","","",""
"cci","EQ_DHS","PUBLISHED","2007","EUR","UKR","URB","No data","","","","Not calculated."
"cci","EQ_DHS","PUBLISHED","2011","AFR","BEN","URB","61.0","61.00427","","",""
"cci","EQ_DHS","PUBLISHED","1999","SEAR","BGD","RUR","49.9","49.90647","","",""
"cci","EQ_DHS","PUBLISHED","2011","AFR","COG","RUR","65.9","65.93755","","",""
"cci","EQ_DHS","PUBLISHED","1995","AMR","COL","URB","78.2","78.15102","","",""
"cci","EQ_DHS","PUBLISHED","2012","AMR","HTI","RUR","54.3","54.26863","","",""
"cci","EQ_DHS","PUBLISHED","2005","SEAR","IND","RUR","59.8","59.77634","","",""
"cci","EQ_MICS","PUBLISHED","2012","EUR","MDA","RUR","89.3","89.27187","","",""
"cci","EQ_MICS","PUBLISHED","2013","EUR","MNE","RUR","68.2","68.17104","","",""
"cci","EQ_DHS","PUBLISHED","2010","AFR","RWA","RUR","71.9","71.92963","","",""
"cci","EQ_DHS","PUBLISHED","1997","AFR","SEN","URB","No data","","","","Not calculated."
"cci","EQ_MICS","PUBLISHED","2005","EUR","TJK","URB","73.4","73.37601","","",""
"cci","EQ_DHS","PUBLISHED","1995","AFR","UGA","URB","68.1","68.13550","","",""
"cci","EQ_DHS","PUBLISHED","1996","AMR","BRA","RUR","65.0","65.00047","","",""
"cci","EQ_MICS","PUBLISHED","2010","SEAR","BTN","RUR","No data","","","","Not calculated."
"cci","EQ_DHS","PUBLISHED","2005","AFR","ETH","RUR","23.1","23.14112","","",""
"cci","EQ_MICS","PUBLISHED","2005","EUR","GEO","URB","No data","","","","Not calculated."
"cci","EQ_DHS","PUBLISHED","2008","AFR","KEN","RUR","65.3","65.25162","","",""
"cci","EQ_DHS","PUBLISHED","2010","WPR","KHM","RUR","74.1","74.09750","","",""
"cci","EQ_MICS","PUBLISHED","2010","SEAR","NPL","RUR","61.0","60.95721","","",""
"cci","EQ_MICS","PUBLISHED","2014","SEAR","NPL","RUR","66.6","66.58678","","",""
"cci","EQ_MICS","PUBLISHED","2010","AFR","SWZ","URB","83.7","83.70134","","",""
"cci","EQ_MICS","PUBLISHED","2010","AFR","TGO","RUR","43.6","43.59732","","",""
"cci","EQ_DHS","PUBLISHED","2005","EUR","ARM","URB","74.8","74.80547","","",""
"cci","EQ_DHS","PUBLISHED","2006","EUR","AZE","RUR","61.5","61.53123","","",""
"cci","EQ_MICS","PUBLISHED","2010","AFR","CAF","URB","60.1","60.11848","","",""
"cci","EQ_DHS","PUBLISHED","1998","AFR","CMR","RUR","45.1","45.13396","","",""
"cci","EQ_MICS","PUBLISHED","2014","EUR","KGZ","RUR","76.6","76.59500","","",""
"cci","EQ_DHS","PUBLISHED","2000","WPR","KHM","URB","57.5","57.47585","","",""
"cci","EQ_DHS","PUBLISHED","2008","AFR","NGA","RUR","33.6","33.59354","","",""
"cci","EQ_MICS","PUBLISHED","2011","AFR","NGA","URB","62.6","62.60284","","",""
"cci","EQ_DHS","PUBLISHED","2013","AFR","SLE","RUR","64.6","64.57926","","",""
"cci","EQ_MICS","PUBLISHED","2010","AMR","SUR","URB","No data","","","","Not calculated."
"cci","EQ_MICS","PUBLISHED","2014","AFR","ZWE","URB","84.4","84.37204","","",""
"cci","EQ_MICS","PUBLISHED","2011","AMR","ARG","RUR","No data","","","","Not calculated."
"cci","EQ_MICS","PUBLISHED","2010","AFR","COD","URB","64.9","64.90311","","",""
"cci","EQ_DHS","PUBLISHED","2005","AFR","COG","URB","75.1","75.07835","","",""
"cci","EQ_DHS","PUBLISHED","2005","AMR","HND","RUR","72.4","72.40002","","",""
"cci","EQ_DHS","PUBLISHED","2007","SEAR","IDN","URB","80.9","80.86499","","",""
"cci","EQ_DHS","PUBLISHED","2001","AFR","MLI","RUR","30.5","30.51612","","",""
"cci","EQ_DHS","PUBLISHED","2012","AFR","MLI","URB","66.2","66.22131","","",""
"cci","EQ_DHS","PUBLISHED","2005","AMR","PER","RUR","74.8","74.82067","","",""
"cci","EQ_DHS","PUBLISHED","2012","AMR","PER","RUR","79.6","79.57446","","",""
"cci","EQ_DHS","PUBLISHED","2009","SEAR","TLS","URB","67.4","67.37444","","",""
"cci","EQ_DHS","PUBLISHED","2003","EUR","TUR","RUR","No data","","","","Not calculated."
"cci","EQ_DHS","PUBLISHED","2010","AFR","ZWE","RUR","68.7","68.70673","","",""
"cci","EQ_MICS","PUBLISHED","2010","EMR","AFG","URB","No data","","","","Not calculated."
"cci","EQ_DHS","PUBLISHED","1995","AMR","COL","RUR","66.6","66.61108","","",""
"cci","EQ_MICS","PUBLISHED","2011","AMR","CRI","RUR","86.8","86.84447","","",""
"cci","EQ_DHS","PUBLISHED","1995","AMR","GTM","RUR","42.2","42.22541","","",""
"cci","EQ_MICS","PUBLISHED","2006","AMR","GUY","URB","71.3","71.34826","","",""
"cci","EQ_MICS","PUBLISHED","2006","WPR","LAO","RUR","No data","","","","Not calculated."
"cci","EQ_DHS","PUBLISHED","2007","AFR","LBR","URB","65.5","65.54119","","",""
"cci","EQ_MICS","PUBLISHED","2007","AFR","NGA","URB","59.1","59.10905","","",""
"cci","EQ_DHS","PUBLISHED","2012","EMR","PAK","RUR","57.2","57.16582","","",""
"cci","EQ_MICS","PUBLISHED","2006","AMR","SUR","URB","No data","","","","Not calculated."
"cci","EQ_MICS","PUBLISHED","2010","AFR","TCD","URB","45.6","45.58819","","",""
"cci","EQ_DHS","PUBLISHED","2013","AFR","ZMB","RUR","71.2","71.18575","","",""
"cci","EQ_DHS","PUBLISHED","1994","AFR","ZWE","RUR","70.8","70.82002","","",""
